{
  "parameters": {
    "N": 100,
    "t0": 1.0,
    "delta": 0.3,
    "delta_t": 0.09700194156093822,
    "t_pent": 1.0901816608996542,
    "t_hept": 0.8961777777777777
  },
  "primary_result": {
    "mu": 0.5,
    "n_zero_modes": 2,
    "edge_localized": true,
    "winding_number": -1.0,
    "verdict": "TOPOLOGICAL PHASE CONFIRMED"
  },
  "phase_sweep": {
    "mu": [
      0.0,
      0.05,
      0.1,
      0.15000000000000002,
      0.2,
      0.25,
      0.30000000000000004,
      0.35000000000000003,
      0.4,
      0.45,
      0.5,
      0.55,
      0.6000000000000001,
      0.65,
      0.7000000000000001,
      0.75,
      0.8,
      0.8500000000000001,
      0.9,
      0.9500000000000001,
      1.0,
      1.05,
      1.1,
      1.1500000000000001,
      1.2000000000000002,
      1.25,
      1.3,
      1.35,
      1.4000000000000001,
      1.4500000000000002,
      1.5,
      1.55,
      1.6,
      1.6500000000000001,
      1.7000000000000002,
      1.75,
      1.8,
      1.85,
      1.9000000000000001,
      1.9500000000000002,
      2.0,
      2.0500000000000003,
      2.1,
      2.15,
      2.2,
      2.25,
      2.3000000000000003,
      2.35,
      2.4000000000000004,
      2.45,
      2.5,
      2.5500000000000003,
      2.6,
      2.6500000000000004,
      2.7,
      2.75,
      2.8000000000000003,
      2.85,
      2.9000000000000004,
      2.95,
      3.0
    ],
    "gap": [
      0.5925106312768128,
      0.592088123003076,
      0.5907945056922805,
      0.588537769717829,
      0.585155762156477,
      0.5803387877345559,
      0.573551280785688,
      0.5636935847403626,
      0.5485847648734025,
      0.5270105525175329,
      0.5075045471699408,
      0.49138429738511036,
      0.4789223336595071,
      0.47032205447098585,
      0.46572664185063556,
      0.465219559890832,
      0.4688218173532396,
      0.4764820748044543,
      0.48802119983728043,
      0.4963095526725313,
      0.4959740563901794,
      0.4912079690672949,
      0.4839421038643883,
      0.4748231726207387,
      0.4640710280894232,
      0.4520431438730112,
      0.43880807931088117,
      0.42402272681156256,
      0.40822567492288186,
      0.391054586652709,
      0.3719969034465284,
      0.3512459819830549,
      0.3282836910599884,
      0.3026294740532317,
      0.27367525789182795,
      0.24015606953057098,
      0.19974725075253685,
      0.1509363092534053,
      0.10161602672991536,
      0.05388702970280424,
      0.009161351008469635,
      0.052866869115408145,
      0.10173796628665764,
      0.1512884653817259,
      0.201048005179006,
      0.25089839980974493,
      0.3007963470994661,
      0.35072227413607515,
      0.40066605032654806,
      0.4506219085220187,
      0.5005863247601597,
      0.5505570244682424,
      0.6005324738871777,
      0.6505116011795927,
      0.700493634694944,
      0.7504780047382662,
      0.8004642815423921,
      0.8504521347788747,
      0.9004413063596799,
      0.9504315917038678,
      1.0004228265471582
    ],
    "n_zero": [
      2,
      2,
      2,
      2,
      2,
      2,
      2,
      2,
      2,
      2,
      2,
      2,
      2,
      2,
      2,
      2,
      2,
      2,
      2,
      2,
      2,
      2,
      2,
      2,
      2,
      2,
      2,
      2,
      2,
      2,
      2,
      2,
      2,
      2,
      2,
      2,
      2,
      2,
      2,
      2,
      0,
      0,
      0,
      0,
      0,
      0,
      0,
      0,
      0,
      0,
      0,
      0,
      0,
      0,
      0,
      0,
      0,
      0,
      0,
      0,
      0
    ],
    "topological": [
      true,
      true,
      true,
      true,
      true,
      true,
      true,
      true,
      true,
      true,
      true,
      true,
      true,
      true,
      true,
      true,
      true,
      true,
      true,
      true,
      true,
      true,
      true,
      true,
      true,
      true,
      true,
      true,
      true,
      true,
      true,
      true,
      true,
      true,
      true,
      true,
      true,
      true,
      true,
      true,
      false,
      false,
      false,
      false,
      false,
      false,
      false,
      false,
      false,
      false,
      false,
      false,
      false,
      false,
      false,
      false,
      false,
      false,
      false,
      false,
      false
    ],
    "min_energy": [
      2.6183779656401033e-14,
      2.313027986312754e-14,
      1.7152751821949665e-14,
      8.018826412311433e-15,
      1.5450930607816175e-15,
      1.0902241519174514e-14,
      1.8377895414314907e-14,
      2.2468876434545347e-14,
      2.48453254992616e-14,
      2.501985873613798e-14,
      2.4631579504344624e-14,
      2.1948663047773027e-14,
      1.1122408637868478e-13,
      2.4862210317139872e-12,
      4.830894486934013e-12,
      2.176169224712516e-12,
      2.998962406172392e-14,
      2.5720497435514744e-14,
      1.8714020250703876e-14,
      1.3230072495269757e-14,
      9.666923435680904e-15,
      5.663952147132615e-15,
      7.065111022932184e-17,
      3.3985856001347176e-15,
      1.0008863261093135e-14,
      1.6433352298677132e-14,
      2.029347387325203e-14,
      1.9294680247123855e-14,
      8.501811734183319e-15,
      7.245347034399787e-15,
      1.8857074742460834e-14,
      6.945279205792922e-15,
      1.6925713820164763e-14,
      2.374122665355198e-16,
      1.1075380329725076e-14,
      1.0802954676553651e-14,
      3.596746264108604e-15,
      2.3877161568078698e-18,
      1.4075220016910298e-16,
      5.247685938062696e-06,
      0.009161351008469635,
      0.052866869115408145,
      0.10173796628665764,
      0.1512884653817259,
      0.201048005179006,
      0.25089839980974493,
      0.3007963470994661,
      0.35072227413607515,
      0.40066605032654806,
      0.4506219085220187,
      0.5005863247601597,
      0.5505570244682424,
      0.6005324738871777,
      0.6505116011795927,
      0.700493634694944,
      0.7504780047382662,
      0.8004642815423921,
      0.8504521347788747,
      0.9004413063596799,
      0.9504315917038678,
      1.0004228265471582
    ]
  },
  "robustness_sweep": {
    "delta_t": [
      0.0,
      0.02435897435897436,
      0.04871794871794872,
      0.07307692307692308,
      0.09743589743589744,
      0.12179487179487179,
      0.14615384615384616,
      0.17051282051282052,
      0.19487179487179487,
      0.21923076923076923,
      0.24358974358974358,
      0.26794871794871794,
      0.2923076923076923,
      0.31666666666666665,
      0.34102564102564104,
      0.36538461538461536,
      0.38974358974358975,
      0.41410256410256413,
      0.43846153846153846,
      0.46282051282051284,
      0.48717948717948717,
      0.5115384615384615,
      0.5358974358974359,
      0.5602564102564103,
      0.5846153846153846,
      0.608974358974359,
      0.6333333333333333,
      0.6576923076923077,
      0.6820512820512821,
      0.7064102564102565,
      0.7307692307692307,
      0.7551282051282051,
      0.7794871794871795,
      0.8038461538461539,
      0.8282051282051283,
      0.8525641025641025,
      0.8769230769230769,
      0.9012820512820513,
      0.9256410256410257,
      0.95
    ],