{
  "parameters": {
    "N": 100,
    "t0": 1.0,
    "k0": 1.0,
    "delta_sc": 0.3,
    "mu": 0.5,
    "delta_t_electron": 0.09700194156093822,
    "delta_k_phonon": 0.19268072218960625,
    "t_pent": 1.0901816608996542,
    "t_hept": 0.8961777777777777,
    "k_pent": 1.1884960537619285,
    "k_hept": 0.803134609382716
  },
  "electron_topology": {
    "n_zero_modes": 2,
    "edge_localized": true,
    "edge_weight_total": 0.997168638280957,
    "winding_number": -1.0,
    "mu_critical": 1.9500000000000002,
    "dt_critical": 0.48717948717948717
  },
  "phonon_glass": {
    "kappa_ratio": 0.8637293040352428,
    "phonon_xi_mean": 0.607384441696193,
    "phonon_xi_mid": 0.5200217203833206,
    "n_localized_modes": 1,
    "sw_barrier_enhancement": 1.6464037129554745,
    "thermal_conductivity_sweep": {
      "T": [
        0.1,
        0.2,
        0.5,
        1.0,
        2.0,
        5.0
      ],
      "kappa_qp": [
        0.04524683297617818,
        0.3736930227581846,
        5.684041448365459,
        32.1872973588315,
        143.93672142547874,
        930.2089526511364
      ],
      "kappa_ord": [
        0.04480798028689494,
        0.38402094273197557,
        6.580813481504308,
        38.10570115032833,
        171.06386958536604,
        1106.5069537453296
      ],
      "ratio": [
        1.0097940743250056,
        0.9731058418316544,
        0.8637293040352428,
        0.8446845586662081,
        0.8414209369539017,
        0.8406715832219077
      ]
    }
  },
  "self_protection": {
    "physical_in_window": false,
    "dual_sweep": {
      "delta": [
        0.01,
        0.0341025641025641,
        0.0582051282051282,
        0.08230769230769229,
        0.10641025641025639,
        0.1305128205128205,
        0.1546153846153846,
        0.17871794871794872,
        0.2028205128205128,
        0.2269230769230769,
        0.251025641025641,
        0.2751282051282051,
        0.2992307692307692,
        0.3233333333333333,
        0.3474358974358974,
        0.3715384615384615,
        0.3956410256410256,
        0.4197435897435897,
        0.4438461538461538,
        0.4679487179487179,
        0.492051282051282,
        0.5161538461538461,
        0.5402564102564102,
        0.5643589743589743,
        0.5884615384615384,
        0.6125641025641025,
        0.6366666666666666,
        0.6607692307692307,
        0.6848717948717948,
        0.7089743589743589,
        0.733076923076923,
        0.7571794871794871,
        0.7812820512820512,
        0.8053846153846153,
        0.8294871794871794,
        0.8535897435897435,
        0.8776923076923075,
        0.9017948717948717,
        0.9258974358974358,
        0.95
      ],
      "electron_xi_mean": [
        0.671797570597079,
        0.6646611259970489,
        0.6578795144063377,
        0.6511771213321543,
        0.6445168831731255,
        0.6379523791213773,
        0.6315297384985219,
        0.6252805527354162,
        0.6192231670003931,
        0.6133642276118839,
        0.6076996200140456,
        0.6022147332694885,
        0.5968841354054706,
        0.5916708697658281,
        0.5865258609935486,
        0.5813884320084213,
        0.5761896026398713,
        0.5708601633917759,
        0.565344319627314,
        0.5596157671299915,
        0.5536876257713548,
        0.5476065702676377,
        0.5414302550064721,
        0.535200091862411,
        0.528924329878083,
        0.5225759909899983,
        0.5160992409012669,
        0.5094157635954217,
        0.5024263619851319,
        0.4950061163515224,
        0.4869928285523273,
        0.47817019410065364,
        0.46825284329466377,
        0.45689963628900115,
        0.44381399975239255,
        0.428928397753708,
        0.4124161621889861,
        0.39437885998007033,
        0.37460405440085176,
        0.35168271706719456
      ],
      "electron_xi_fermi": [
        0.673005149924099,
        0.6698635188920947,
        0.6635338593069569,
        0.6542950028488691,
        0.6425282523437117,
        0.6286792225626692,
        0.613218975577771,
        0.5966099676172049,
        0.5792801165554243,
        0.5616060217383837,
        0.5439046286203971,
        0.5264316431457079,
        0.509384682116599,
        0.49290927884339925,
        0.4771062240630496,
        0.46203914240404204,
        0.44774158503668665,
        0.4342232151208675,
        0.42147486447779475,
        0.4094723547541747,
        0.3981790161506543,
        0.387546811172064,
        0.37751588423784765,
        0.3680122112117551,
        0.35894282368951436,
        0.35018787838288035,
        0.3415888058772106,
        0.33293240977576827,
        0.3239333123394429,
        0.31422381700457824,
        0.30337310985798266,
        0.29097095780003485,
        0.2767940853831587,
        0.260976462782323,
        0.24397623359515533,
        0.2262397423711316,
        0.20787929905481312,
        0.18876187855593243,
        0.16875565083499744,
        0.14710301715010649
      ],
      "phonon_xi_mean": [
        0.664695690519972,
        0.646150287334294,
        0.6300339473137532,
        0.6154116901479546,
        0.6017968530295472,
        0.5888052164289492,
        0.5758846367217649,
        0.5624736282367573,
        0.5485940307220282,
        0.5349046934253073,
        0.5217375017899686,
        0.5088317853339972,
        0.4958212889350287,
        0.4824463208713017,
        0.46840652550404416,
        0.4531220850639601,
        0.43572573145688875,
        0.41559755898538125,
        0.3911295507326052,
        0.3544156116345017,
        0.26769802566073114,
        0.2414736620594064,
        0.2414736620594064,
        0.2414736620594064,
        0.2414736620594064,
        0.2414736620594064,
        0.2414736620594064,
        0.2414736620594064,
        0.2414736620594064,
        0.2414736620594064,
        0.2414736620594064,
        0.2414736620594064,
        0.2414736620594064,
        0.2414736620594064,
        0.2414736620594064,
        0.2414736620594064,
        0.2414736620594064,
        0.2414736620594064,
        0.2414736620594064,
        0.2414736620594064
      ],
      "phonon_xi_mid": [
        0.6611513161832994,
        0.6102028846531696,
        0.5703312511042781,
        0.537152218379517,
        0.5085777563475848,
        0.483773209853641,
        0.4622107737231418,
        0.44342639772854886,
        0.426983080971677,
        0.41247706717686755,
        0.39954160269924754,
        0.387836901924654,
        0.3770186616954458,
        0.36666628843500043,
        0.3561285312749857,
        0.34427059190002957,
        0.32969780741293175,
        0.3125489487671257,
        0.2920794716399463,
        0.26018911190535465,
        0.18976740015004134,
        0.16964288522073415,
        0.16964288522073415,
        0.16964288522073415,
        0.16964288522073415,
        0.16964288522073415,
        0.16964288522073415,
        0.16964288522073415,
        0.16964288522073415,
        0.16964288522073415,
        0.16964288522073415,
        0.16964288522073415,
        0.16964288522073415,
        0.16964288522073415,
        0.16964288522073415,
        0.16964288522073415,
        0.16964288522073415,
        0.16964288522073415,
        0.16964288522073415,
        0.16964288522073415
      ],
      "electron_extended": [
        true,
        true,
        true,
        true,
        true,
        true,
        true,
        true,
        true,
        true,
        true,
        true,
        true,
        true,
        true,
        true,
        true,
        true,
        true,
        true,
        true,
        true,
        true,
        true,
        true,
        true,
        true,
        true,
        true,
        true,
        true,
        false,
        false,
        false,
        false,
        false,
        false,
        false,
        false,
        false
      ],